<?xml version="1.0"?>
<!DOCTYPE package-info SYSTEM "http://www.simplemachines.org/xml/package-info">
<!-- Generated by Simple Mod Maker -->
<package-info xmlns="http://www.simplemachines.org/xml/package-info" xmlns:smf="http://www.simplemachines.org/">
	<id>reslava:NotifyOnMembersActions</id>
	<name>Notify On Members Actions</name>
	<version>0.2.51</version>
	<type>modification</type>
	<install for="2.1.*">		
		<readme parsebbc="true">readme/english.txt</readme>
		<require-dir name="Sources" destination="$boarddir"/>
		<require-dir name="Themes" destination="$boarddir"/>
		<hook hook="integrate_pre_load" function="reslava\NotifyOnMembersActions::hooks#" file="$sourcedir/NotifyOnMembersActions.php"/>
		<redirect url="?action=admin;area=modsettings;sa=notify_on_members_actions" timeout="3000"/>
	</install>
	<uninstall for="2.1.*">
		<hook hook="integrate_pre_load" function="reslava\NotifyOnMembersActions::hooks#" file="$sourcedir/NotifyOnMembersActions.php" reverse="true"/>		
		<remove-file name="$sourcedir/NotifyOnMembersActions.php"/>
		<remove-file name="$languagedir/NotifyOnMembersActions.english.php"/>
	</uninstall>
</package-info>